Spell,Incantation,Type / Effect
Summoning Charm,Accio,Summons an object to the caster.
Unlocking Charm,Alohomora,Unlocks doors and windows.
Killing Curse,Avada Kedavra,Causes instant death.
Torture Curse,Crucio,Inflicts unbearable pain.
Patronus Charm,Expecto Patronum,Conjures a spirit guardian for protection.
Disarming Charm,Expelliarmus,Knocks an item from an opponent's hand.
Mind Control,Imperio,Puts the victim under the caster's control.
Light-Making,Lumos,Illuminates the tip of the caster's wand.
Levitation,Wingardium Leviosa,Makes objects float.
